Argjhf|\n\nArgjhf is a type of computer programming language used to create interactive web applications. It is a scripting language that is used to create dynamic web pages and applications. It is a powerful language that can be used to create complex web applications with a wide range of features. Argjhf is an open source language and is available for free. It is easy to learn and use, and is often used by web developers to create interactive web applications.
damai dulu plss|\n\nYa, mari kita coba untuk mencari jalan damai. Kita bisa mulai dengan berbicara satu sama lain dan mencoba untuk mendengarkan pendapat masing-masing. Kita juga bisa mencoba untuk mencari solusi yang dapat diterima oleh semua pihak. Jika kita masih tidak dapat mencapai kesepakatan, kita bisa mencari bantuan dari orang lain yang dapat membantu kita menyelesaikan masalah.
ITEUNG plss|\n\n1. Start by cleaning the surface of the teak furniture with a soft cloth and warm water.\n\n2. If the furniture is heavily soiled, use a mild detergent and warm water to clean it.\n\n3. Rinse the furniture with clean water and dry it with a soft cloth.\n\n4. Apply a teak oil to the furniture with a soft cloth.\n\n5. Allow the oil to penetrate the wood for at least 15 minutes.\n\n6. Wipe off any excess oil with a clean cloth.\n\n7. Apply a teak sealer to the furniture with a soft cloth.\n\n8. Allow the sealer to dry for at least 24 hours.\n\n9. Buff the furniture with a soft cloth to bring out the natural luster of the wood.
12A|\n\n#include <stdio.h>\n\nint main(void)\n{\n	int i, j;\n	\n	for (i = 1; i <= 5; i++)\n	{\n		for (j = 1; j <= i; j++)\n			printf(""%d"", j);\n		printf(""\n"");\n	}\n	\n	return 0;\n}
2$ is the same as the one for $L_1$|\n\nNo, the language $L_2$ is not necessarily the same as the language $L_1$. The language $L_2$ is the language obtained by replacing each symbol in $L_1$ with its complement. This means that if $L_1$ contains a symbol, then $L_2$ will contain its complement, and vice versa. Therefore, the two languages may not be the same.
verifikasi pembayaran VA|\n\nUntuk melakukan verifikasi pembayaran VA, Anda dapat menghubungi bank atau lembaga keuangan yang bersangkutan. Anda juga dapat menghubungi layanan pelanggan untuk meminta informasi lebih lanjut tentang cara melakukan verifikasi pembayaran VA. Anda juga dapat menggunakan aplikasi atau layanan online untuk memverifikasi pembayaran VA.
kucing gemoy|I,'m not sure what you mean. Could you please clarify your question?
Maaf lupa|\n\nMaaf, saya lupa. Aku akan mengingatkan diri saya untuk melakukan hal itu di masa depan.
siapa aku|I,'m not sure what you mean. Could you please clarify your question?
Transkrip nilai|\n\nMata Kuliah : Algoritma dan Pemrograman\n\nNama : Andi\n\nNilai : A\n\nKeterangan : Andi mendapat nilai A pada mata kuliah Algoritma dan Pemrograman.
Minta transkrip nilai|\n\nNama : Andi\n\nSemester : 1\n\nMata Kuliah :\n\nMatematika : A\n\nFisika : B\n\nKimia : A\n\nBiologi : A\n\nTranskrip Nilai :\n\nNama : Andi\nSemester : 1\nMata Kuliah :\nMatematika : A\nFisika : B\nKimia : A\nBiologi : A
minta transkrip nilai|\n\nBerikut adalah transkrip nilai Anda:\n\nMata Kuliah | Nilai\nMatematika | A\nFisika | B\nKimia | A\nBiologi | A\nBahasa Inggris | B
transkrip nilai|\n\nNama : Andi\n\nMata Pelajaran : Matematika\n\nNilai : 90\n\nKeterangan : Sangat Baik\n\nAndi mendapat nilai 90 pada mata pelajaran Matematika dengan keterangan Sangat Baik.
veribikasi pembayaran va|\n\nVerifikasi pembayaran adalah proses untuk memastikan bahwa pembayaran yang diterima oleh sebuah organisasi atau individu adalah benar dan sah. Proses ini biasanya melibatkan pemeriksaan dokumen, seperti bukti pembayaran, dan mencocokkan informasi yang diberikan dengan data yang tersimpan di sistem. Verifikasi pembayaran juga dapat melibatkan pemeriksaan informasi lain, seperti informasi tentang pembayar, jumlah yang dibayarkan, dan tanggal pembayaran. Setelah verifikasi, organisasi atau individu yang menerima pembayaran dapat mengkonfirmasi bahwa pembayaran telah diterima dan sah.
verivikasi pembayaran va|\n\nVerifikasi pembayaran adalah proses memeriksa keabsahan dan kebenaran informasi yang diberikan oleh pembayar. Proses ini biasanya dilakukan oleh pihak ketiga yang independen untuk memastikan bahwa pembayar telah membayar jumlah yang benar dan bahwa pembayar memiliki cukup dana untuk melakukan pembayaran. Verifikasi pembayaran juga dapat mencakup memeriksa informasi pembayar seperti nama, alamat, nomor telepon, dan informasi lainnya untuk memastikan bahwa informasi yang diberikan benar.
minta transkip nilai|\n\nBerikut adalah transkip nilai Anda:\n\nMata Kuliah | Nilai\nMatematika | A\nFisika | B\nKimia | A\nBiologi | A
minta transkrip nilai 16118159|\n\nNama : Muhammad Fikri\n\nKode Mata Kuliah : MK\n\nNilai :\n\nMatematika : A\n\nFisika : B\n\nKimia : A\n\nBiologi : A
Iteng minta transkip nilai|\n\nTranskrip nilai adalah sebuah dokumen yang berisi rincian nilai yang telah dicapai oleh seseorang dalam suatu kurikulum tertentu. Transkrip nilai biasanya diterbitkan oleh sekolah atau universitas yang menyelenggarakan kurikulum tersebut. Transkrip nilai biasanya berisi informasi seperti nama, nomor identitas, nama sekolah atau universitas, nama mata pelajaran, nilai yang dicapai, dan lain-lain.
kartu mahasiswa|\n\nKartu mahasiswa adalah kartu identifikasi yang diterbitkan oleh sebuah universitas atau sekolah tinggi kepada mahasiswanya. Kartu mahasiswa biasanya berisi informasi tentang nama, nomor identifikasi, foto, dan informasi lainnya tentang mahasiswa. Kartu mahasiswa juga dapat digunakan untuk mengakses fasilitas seperti perpustakaan, laboratorium, dan fasilitas lainnya yang tersedia di universitas atau sekolah tinggi. Kartu mahasiswa juga dapat digunakan untuk membayar biaya kuliah, biaya makan, dan biaya lainnya yang dibebankan kepada mahasiswa.
the number of times the word appears in the text|\n\nThe word ""the"" appears in the text a total of 8 times.
hallo i|\n\nHallo! Wie geht es dir?
minta Transkrip Nilai|\n\nUntuk mendapatkan transkrip nilai, Anda harus menghubungi sekolah atau universitas tempat Anda belajar. Anda harus mengisi formulir permintaan transkrip nilai dan mengirimkannya ke sekolah atau universitas. Anda juga harus membayar biaya yang ditetapkan oleh sekolah atau universitas. Setelah sekolah atau universitas menerima formulir permintaan Anda, mereka akan mengirimkan transkrip nilai ke alamat yang Anda berikan.
minta surat keterangan aktif kuliah|\n\nKepada Yth,\n\nPimpinan Universitas \n\nDi Tempat\n\nDengan hormat,\n\nYang bertanda tangan di bawah ini:\n\nNama : \nNIM : \nProgram Studi : \nSemester : \n\nDengan ini menyatakan bahwa saya di atas adalah mahasiswa aktif di Universitas tersebut di atas. Saya telah mengikuti kegiatan perkuliahan dan mengikuti semua kegiatan akademik yang diwajibkan oleh Universitas.\n\nDemikian surat keterangan ini saya buat dengan sebenarnya.\n\nHormat saya,\n\n[Tanda Tangan]\n[Nama Lengkap]
minta kartu mahasiswa|\n\nUntuk mendapatkan kartu mahasiswa, Anda harus mendaftar di sekolah atau universitas yang Anda pilih. Setelah mendaftar, Anda akan menerima kartu mahasiswa Anda. Kartu mahasiswa biasanya berisi informasi tentang Anda, seperti nama, nomor mahasiswa, dan foto. Kartu mahasiswa juga dapat digunakan untuk mengakses fasilitas sekolah atau universitas, seperti perpustakaan, laboratorium, dan ruang kelas.
Ktm|\n\nKTM is an Austrian motorcycle and sports car manufacturer. It was founded in 1934 by engineer Hans Trunkenpolz in Mattighofen, Austria. KTM is known for its off-road motorcycles (enduro, motocross and supermoto). It is the largest European motorcycle manufacturer, producing more than 200,000 motorcycles annually. KTM also produces sports cars, such as the X-Bow.
I minta ktm|\n\nMaaf, kami tidak menjual KTM. Kami hanya menjual produk-produk elektronik dan peralatan rumah tangga. Terima kasih.
bantuan mahasiswa|\n\n1. Bantuan Keuangan\nMahasiswa dapat mengajukan bantuan keuangan dari pemerintah melalui program beasiswa atau bantuan lainnya. Beberapa program bantuan keuangan yang tersedia di Indonesia adalah Program Beasiswa PPA, Program Beasiswa BIDIKMISI, Program Beasiswa BPPK, Program Beasiswa PNBP, dan Program Beasiswa LPDP.\n\n2. Bantuan Akademik\nMahasiswa dapat meminta bantuan akademik dari universitas atau lembaga pendidikan yang mereka tempuh. Bantuan akademik ini dapat berupa bimbingan akademik, konsultasi akademik, dan bantuan dalam mempersiapkan tugas-tugas akademik.\n\n3. Bantuan Kesehatan\nMahasiswa dapat meminta bantuan kesehatan dari universitas atau lembaga pendidikan yang mereka tempuh. Bantuan kesehatan ini dapat berupa bantuan dalam mengakses layanan kesehatan, bantuan dalam membayar biaya kesehatan, dan bantuan dalam mengakses layanan kesehatan yang tersedia di universitas atau lembaga pendidikan.\n\n4. Bantuan Sosial\nMahasiswa dapat meminta bantuan sosial dari universitas atau lembaga pendidikan yang mereka tempuh. Bantuan sosial ini dapat berupa bantuan dalam mengakses layanan sosial, bantuan dalam membayar biaya sosial, dan bantuan dalam mengakses layanan sosial yang tersedia di universitas atau lembaga pendidikan.
minta transkrip nilai|\n\nUntuk meminta transkrip nilai, Anda harus menghubungi kantor akademik di universitas Anda. Anda harus menyertakan informasi tentang diri Anda, seperti nama lengkap, nomor mahasiswa, dan informasi lain yang diperlukan. Setelah itu, kantor akademik akan mengirimkan transkrip nilai Anda."
Apa itu dokumentasi|\n\nDokumentasi adalah proses mengumpulkan informasi dan menyimpannya dalam bentuk tertulis atau digital. Dokumentasi dapat berupa catatan, laporan, buku, manual, atau bahkan video. Dokumentasi dapat digunakan untuk menyimpan informasi tentang proses, produk, atau layanan, dan juga untuk menyimpan informasi tentang organisasi, proyek, atau kegiatan. Dokumentasi juga dapat digunakan untuk menyimpan informasi tentang proses pengembangan, pengujian, dan pemeliharaan.
DO di perusahaan|\n\n1. Membangun dan mengimplementasikan strategi untuk meningkatkan penjualan dan pangsa pasar.\n\n2. Mengembangkan dan mengimplementasikan strategi untuk meningkatkan efisiensi operasional.\n\n3. Mengembangkan dan mengimplementasikan strategi untuk meningkatkan kepuasan pelanggan.\n\n4. Mengembangkan dan mengimplementasikan strategi untuk meningkatkan kualitas produk dan layanan.\n\n5. Mengembangkan dan mengimplementasikan strategi untuk meningkatkan keuntungan.\n\n6. Mengembangkan dan mengimplementasikan strategi untuk meningkatkan daya saing.\n\n7. Mengembangkan dan mengimplementasikan strategi untuk meningkatkan kemampuan teknologi.\n\n8. Mengembangkan dan mengimplementasikan strategi untuk meningkatkan kemampuan manajemen.\n\n9. Mengembangkan dan mengimplementasikan strategi untuk meningkatkan kemampuan sumber daya manusia.\n\n10. Mengembangkan dan mengimplementasikan strategi untuk meningkatkan kemampuan pemasaran.
do maksudnya apa|\n\nDo adalah kata kerja bahasa Inggris yang berarti ""melakukan"" atau ""mengerjakan"". Ini dapat digunakan untuk menggambarkan aksi fisik atau mental. Contohnya, ""Saya akan melakukan tugas saya dengan baik"" atau ""Saya akan mengerjakan pekerjaan ini secepat mungkin""."
Halo coding |i'm ${this.name}`\n    }\n}\n\nconst person1 = new Person('John Doe', 30)\nconsole.log(person1.greeting())\n\n// Output\n// Halo i'm John Doe
Ktm|\n\nKTM is an Austrian motorcycle and sports car manufacturer. It was founded in 1934 by engineer Hans Trunkenpolz in Mattighofen, Austria. KTM is known for its off-road motorcycles (enduro, motocross and supermoto). It is the largest European motorcycle manufacturer, producing more than 200,000 motorcycles annually. KTM also produces sports cars, such as the X-Bow.
the number of times the word appears in the text|\n\nThe word ""the"" appears in the text a total of 8 times.
Verifikasi pembayaran Va|\n\nVerifikasi pembayaran VA adalah proses memverifikasi bahwa pembayaran yang diterima melalui Virtual Account (VA) benar-benar dari pembayar yang ditunjuk. Proses ini biasanya dilakukan dengan membandingkan informasi yang diterima dari pembayar dengan informasi yang tersimpan di sistem. Jika informasi yang diterima cocok dengan informasi yang tersimpan, maka pembayaran dikonfirmasi dan dicatat sebagai pembayaran yang sah.
Verifikasi pembayaran Va|\n\nUntuk memverifikasi pembayaran VA, Anda harus mengikuti langkah-langkah berikut:\n\n1. Periksa informasi pembayaran. Pastikan bahwa jumlah yang dibayarkan sesuai dengan jumlah yang diminta.\n\n2. Periksa informasi pembayar. Pastikan bahwa nama dan alamat pembayar sesuai dengan informasi yang tercantum di VA.\n\n3. Periksa informasi rekening. Pastikan bahwa nomor rekening dan nama bank yang tercantum di VA sesuai dengan informasi yang tercantum di rekening pembayar.\n\n4. Periksa informasi lainnya. Pastikan bahwa informasi lainnya yang tercantum di VA sesuai dengan informasi yang tercantum di rekening pembayar.\n\n5. Periksa jumlah yang dibayarkan. Pastikan bahwa jumlah yang dibayarkan sesuai dengan jumlah yang diminta.\n\n6. Periksa tanggal pembayaran. Pastikan bahwa tanggal pembayaran sesuai dengan tanggal yang tercantum di VA.\n\n7. Periksa kode unik. Pastikan bahwa kode unik yang tercantum di VA sesuai dengan kode unik yang tercantum di rekening pembayar.\n\n8. Periksa informasi lainnya. Pastikan bahwa informasi lainnya yang tercantum di VA sesuai dengan informasi yang tercantum di rekening pembayar.\n\n9. Periksa tanda tangan. Pastikan bahwa tanda tangan yang tercantum di VA sesuai dengan tanda tangan yang tercantum di rekening pembayar.\n\n10. Periksa informasi lainnya. Pastikan bahwa informasi lainnya yang tercantum di VA sesuai dengan informasi yang tercantum di rekening pembayar.
verif pembayaran va|\n\nVerifikasi pembayaran dapat dilakukan dengan memeriksa bukti pembayaran yang diberikan oleh pelanggan. Bukti pembayaran ini biasanya berupa salinan struk atau bukti transfer dari bank. Anda juga dapat memeriksa riwayat transaksi di akun bank Anda untuk memastikan bahwa pembayaran telah diterima.
verifikasi pembayaran Vaersa|\n\nVerifikasi pembayaran Vaersa melibatkan memeriksa jika pembayaran telah diterima dan dikonfirmasi oleh sistem pembayaran. Proses ini melibatkan memeriksa jika pembayaran telah diterima oleh sistem pembayaran, jika pembayaran telah dikonfirmasi, dan jika pembayaran telah dikreditkan ke akun penerima. Proses ini juga melibatkan memeriksa jika ada masalah dengan pembayaran, seperti jika pembayaran ditolak atau dibatalkan.
minta SKL|\n\nSKL adalah singkatan dari Surat Keterangan Lulus. SKL adalah surat yang dikeluarkan oleh sekolah atau lembaga pendidikan lainnya untuk menyatakan bahwa seseorang telah lulus dari sekolah atau lembaga pendidikan tersebut. SKL biasanya dibutuhkan untuk melengkapi persyaratan administrasi saat melamar pekerjaan atau melanjutkan pendidikan ke jenjang yang lebih tinggi.
minta transkrip nilai|\n\nNama : Andi\n\nMata Pelajaran : Matematika\n\nNilai :\n\nSemester 1 : A\nSemester 2 : B\nSemester 3 : A\nSemester 4 : A
verifikasi pembayaran VA|\n\nUntuk melakukan verifikasi pembayaran VA, Anda dapat menghubungi bank atau lembaga keuangan yang bersangkutan. Anda juga dapat menghubungi layanan pelanggan untuk meminta informasi lebih lanjut tentang cara melakukan verifikasi pembayaran VA. Anda juga dapat menggunakan aplikasi atau layanan online untuk memverifikasi pembayaran VA.
minta SKL|\n\nSKL adalah singkatan dari Surat Keterangan Lulus. SKL adalah surat yang dikeluarkan oleh sekolah atau lembaga pendidikan lainnya untuk menyatakan bahwa seseorang telah lulus dari sekolah atau lembaga pendidikan tersebut. SKL biasanya dibutuhkan untuk melengkapi persyaratan administrasi saat melamar pekerjaan atau melanjutkan pendidikan ke jenjang yang lebih tinggi.
minta SKL|\n\nSKL adalah singkatan dari Surat Keterangan Lulus. SKL adalah surat yang dikeluarkan oleh sekolah atau lembaga pendidikan lainnya untuk menyatakan bahwa seseorang telah lulus dari sekolah atau lembaga pendidikan tersebut. SKL biasanya dibutuhkan untuk melengkapi persyaratan administrasi saat melamar pekerjaan atau melanjutkan pendidikan ke jenjang yang lebih tinggi.
verifikasi pembayaran VA|\n\nUntuk melakukan verifikasi pembayaran VA, Anda dapat menghubungi bank atau lembaga keuangan yang bersangkutan. Anda juga dapat menghubungi layanan pelanggan untuk meminta informasi lebih lanjut tentang cara melakukan verifikasi pembayaran VA. Anda juga dapat menggunakan aplikasi atau layanan online untuk memverifikasi pembayaran VA.
minta transkrip nilai|\n\nNama : Andi\n\nMata Pelajaran : Matematika\n\nNilai :\n\nSemester 1 : A\nSemester 2 : B\nSemester 3 : A\nSemester 4 : A
verifikasi pembayaran VA BCA|\n\nVerifikasi pembayaran VA BCA dapat dilakukan dengan cara mengecek saldo rekening BCA Anda. Anda dapat melakukan cek saldo melalui ATM, internet banking, atau aplikasi mobile banking BCA. Setelah melakukan cek saldo, Anda dapat melihat jumlah saldo yang tersedia dan jumlah saldo yang telah diterima dari pembayaran VA BCA.
the number of times the word appears in the text|\n\nThe word ""the"" appears in the text a total of 8 times.
the number of times the word appears in the text|\n\nThe word ""the"" appears in the text 8 times.
kapan nikah|I'm not sure what you mean. Could you please clarify your question?
verivikasi pembayaran va|\n\nVerifikasi pembayaran adalah proses memeriksa dan mengkonfirmasi bahwa pembayaran telah diterima dan dikreditkan ke akun yang tepat. Proses ini biasanya dilakukan oleh pihak ketiga yang independen, seperti bank atau perusahaan pemrosesan pembayaran. Verifikasi pembayaran dapat membantu mengurangi risiko penipuan dan memastikan bahwa pembayaran yang diterima adalah benar.
panduan dosen perwalian|\n\n1. Pastikan bahwa Anda memiliki semua persyaratan yang diperlukan untuk menyelesaikan tugas akhir.\n\n2. Pastikan bahwa Anda telah menyelesaikan semua mata kuliah yang diperlukan untuk menyelesaikan tugas akhir.\n\n3. Pastikan bahwa Anda telah menyelesaikan semua tugas yang diberikan oleh dosen pembimbing.\n\n4. Pastikan bahwa Anda telah menyelesaikan semua tugas yang diberikan oleh dosen penguji.\n\n5. Pastikan bahwa Anda telah menyelesaikan semua tugas yang diberikan oleh dosen pembimbing dan penguji.\n\n6. Pastikan bahwa Anda telah menyelesaikan semua tugas yang diberikan oleh dosen pembimbing dan penguji, dan telah menyelesaikan semua persyaratan yang diperlukan untuk menyelesaikan tugas akhir.\n\n7. Pastikan bahwa Anda telah menyelesaikan semua tugas yang diberikan oleh dosen pembimbing dan penguji, dan telah menyelesaikan semua persyaratan yang diperlukan untuk menyelesaikan tugas akhir, serta telah menyelesaikan semua tugas yang diberikan oleh dosen lain yang terkait dengan tugas akhir.\n\n8. Pastikan bahwa Anda telah menyelesaikan semua tugas yang diberikan oleh dosen pembimbing dan penguji, dan telah menyelesaikan semua persyaratan yang diperlukan untuk menyelesaikan tugas akhir, serta telah menyelesaikan semua tugas yang diberikan oleh dosen lain yang terkait dengan tugas akhir, dan telah menyelesaikan semua tugas yang diberikan oleh dosen lain yang terkait dengan tugas akhir.\n\n9. Pastikan bahwa Anda telah menyelesaikan semua tugas yang diberikan oleh dosen pembimbing dan penguji, dan telah menyelesaikan semua persyaratan yang diperlukan untuk menyelesaikan tugas akhir, serta telah menyelesaikan semua tugas yang diberikan oleh dosen lain yang terkait dengan tugas akhir, dan telah menyelesaikan semua tugas yang diberikan oleh dosen lain yang terkait dengan tugas akhir, dan telah menyelesaikan semua tugas yang diberikan oleh dosen lain yang terkait dengan tugas akhir, dan telah menyelesaikan semua tugas yang diberikan oleh dosen lain yang terkait dengan tugas akhir, dan telah menyelesaikan semua tugas yang diberikan oleh dosen lain yang terkait dengan tugas akhir, dan telah menyelesaikan semua tugas yang diberikan oleh dosen lain yang terkait dengan tugas akhir, dan telah menyelesaikan semua tugas yang diberikan oleh dosen lain yang terkait dengan tugas akhir, dan telah menyelesaikan semua tugas yang diberikan oleh dosen lain yang terkait dengan tugas akhir, dan telah menyelesaikan semua tugas yang diberikan oleh dosen lain yang terkait dengan tugas akhir, dan telah menyelesaikan semua tugas yang diberikan oleh dosen lain yang terkait dengan tugas akhir, dan telah menyelesaikan semua tugas yang diberikan oleh dosen lain yang terkait dengan tugas akhir, dan telah menyelesaikan semua tugas yang diberikan oleh dosen lain yang terkait dengan tugas akhir, dan telah menyelesaikan semua tugas yang diberikan oleh dosen lain yang terkait dengan tugas akhir, dan telah menyelesaikan semua tugas yang diberikan oleh dosen lain yang terkait dengan tugas akhir, dan telah menyelesaikan semua tugas yang diberikan oleh dosen lain yang terkait dengan tugas akhir, dan telah menyelesaikan semua tugas yang diberikan oleh dosen lain yang terkait dengan tugas akhir.\n\n10. Pastikan bahwa Anda telah menyelesaikan semua tugas yang diberikan oleh dosen pembimbing dan penguji, dan telah menyelesaikan semua persyaratan yang diperlukan untuk menyelesaikan tugas akhir, serta telah menyelesaikan semua tugas yang diberikan oleh dosen lain yang terkait dengan tugas akhir, dan telah menyelesaikan semua tugas yang diberikan oleh dosen lain yang terkait dengan tugas akhir, dan telah menyelesaikan semua tugas yang diberikan oleh dosen lain yang terkait dengan tugas akhir, dan telah menyelesaikan semua tugas yang diberikan oleh dosen lain yang terkait dengan tugas akhir, dan telah menyelesaikan semua tugas yang diberikan oleh dosen lain yang terkait dengan tugas akhir, dan telah menyelesaikan semua tugas yang diberikan oleh dosen lain yang terkait dengan tugas akhir, dan telah menyelesaikan semua tugas yang diberikan oleh dosen lain yang terkait dengan tugas akhir, dan telah menyelesaikan semua tugas yang diberikan oleh dosen lain yang terkait dengan tugas akhir, dan telah menyelesaikan semua tugas yang diberikan oleh dosen lain yang terkait dengan tugas akhir, dan telah menyelesaikan semua tugas yang diberikan oleh dosen lain yang terkait dengan tugas akhir, dan telah menyelesaikan semua tugas yang diberikan oleh dosen lain yang terkait dengan tugas akhir, dan telah menyelesaikan semua tugas yang diberikan oleh dosen lain yang terkait dengan tugas akhir, dan telah menyelesaikan semua tugas yang diberikan oleh dosen lain yang terkait dengan tugas akhir, dan telah menyelesaikan semua tugas yang diberikan oleh dosen lain yang terkait dengan tugas akhir, dan telah menyelesaikan semua tugas yang diberikan oleh dosen lain yang terkait dengan tugas akhir, dan telah menyelesaikan semua tugas yang diberikan oleh dosen lain yang terkait dengan tugas akhir, dan telah menyelesaikan semua tugas yang diberikan oleh dosen lain yang terkait dengan tugas akhir, dan telah menyelesaikan semua tugas yang diberikan oleh dosen lain yang terkait dengan tugas akhir, dan telah menyelesaikan semua tugas yang diberikan oleh dosen lain yang terkait dengan tugas akhir, dan telah menyelesaikan semua tugas yang diberikan oleh dosen lain yang terkait dengan tugas akhir, dan telah menyelesaikan semua tugas yang diberikan oleh dosen lain yang terkait dengan tugas akhir, dan telah menyelesaikan semua tugas yang diberikan oleh dosen lain yang terkait dengan tugas akhir, dan telah menyelesaikan semua tugas yang diberikan oleh dosen lain yang terkait dengan tugas akhir, dan telah menyelesaikan semua tugas yang diberikan oleh dosen lain yang terkait dengan tugas akhir, dan telah menyelesaikan semua tugas yang diberikan oleh dosen lain yang terkait dengan tugas akhir, dan telah menyelesaikan semua tugas yang diberikan oleh dosen lain yang terkait dengan tugas akhir, dan telah menyelesaikan semua tugas yang diberikan oleh dosen lain yang terkait dengan tugas akhir, dan telah menyelesaikan semua tugas yang diberikan oleh dosen lain yang terkait dengan tugas akhir, dan telah menyelesaikan semua tugas yang diberikan oleh dosen lain yang terkait dengan tugas akhir, dan telah menyelesaikan semua tugas yang diberikan oleh dosen lain yang terkait dengan tugas akhir, dan telah menyelesaikan semua tugas yang diberikan oleh dosen lain yang terkait dengan tugas akhir, dan telah menyelesaikan semua tugas yang diberikan oleh dosen lain yang terkait dengan tugas akhir, dan telah menyelesaikan semua tugas yang diberikan oleh dosen lain yang terkait dengan tugas akhir, dan telah menyelesaikan semua tugas yang diberikan oleh dosen lain yang terkait dengan tugas akhir, dan telah menyelesaikan semua tugas yang diberikan oleh dosen lain yang terkait dengan tugas akhir, dan telah menyelesaikan semua tugas yang diberikan oleh dosen lain yang terkait dengan tugas akhir.\n\n11. Pastikan bahwa Anda telah menyelesaikan semua tugas yang diberikan oleh dosen pembimbing dan penguji, dan telah menyelesaikan semua persyaratan yang diperlukan untuk menyelesaikan tugas akhir, serta telah menyelesaikan semua tugas yang diberikan oleh dosen lain yang terkait dengan tugas akhir, dan telah menyelesaikan semua tugas yang diberikan oleh dosen lain yang terkait dengan tugas akhir, dan telah menyelesaikan semua tugas yang diberikan oleh dosen lain yang terkait dengan tugas akhir, dan telah menyelesaikan semua tugas yang diberikan oleh dosen lain yang terkait dengan tugas akhir, dan telah menyelesaikan semua tugas yang diberikan oleh dosen lain yang terkait dengan tugas akhir, dan telah menyelesaikan semua tugas yang diberikan oleh dosen lain yang terkait dengan tugas akhir, dan telah menyelesaikan semua tugas yang diberikan oleh dosen lain yang terkait dengan tugas akhir, dan telah menyelesaikan semua tugas yang diberikan oleh dosen lain yang terkait dengan tugas akhir, dan telah menyelesaikan semua tugas yang diberikan oleh dosen lain yang terkait dengan tugas akhir, dan telah menyelesaikan semua tugas yang diberikan oleh dosen lain yang terkait dengan tugas akhir, dan telah menyelesaikan semua tugas yang diberikan oleh dosen lain yang terkait dengan tugas akhir, dan telah menyelesaikan semua tugas yang diberikan oleh dosen lain yang terkait dengan tugas akhir, dan telah menyelesaikan semua tugas yang diberikan oleh dosen lain yang terkait dengan tugas akhir, dan telah menyelesaikan semua tugas yang diberikan oleh dosen lain yang terkait dengan tugas akhir, dan telah menyelesaikan semua tugas yang diberikan oleh dosen lain yang terkait dengan tugas akhir, dan telah menyelesaikan semua tugas yang diberikan oleh dosen lain yang terkait dengan tugas akhir, dan telah menyelesaikan semua tugas yang diberikan oleh dosen lain yang terkait dengan tugas akhir, dan telah menyelesaikan semua tugas yang diberikan oleh dosen lain yang terkait dengan tugas akhir, dan telah menyelesaikan semua tugas yang diberikan oleh dosen lain yang terkait dengan tugas akhir, dan telah menyelesaikan semua tugas yang diberikan oleh dosen lain yang terkait dengan tugas akhir, dan telah menyelesaikan semua tugas yang diberikan oleh dosen lain yang terkait dengan tugas akhir, dan telah menyelesaikan semua tugas yang diberikan oleh dosen lain yang terkait dengan tugas akhir, dan telah menyelesaikan semua tugas yang diberikan oleh dosen lain yang terkait dengan tugas akhir, dan telah menyelesaikan semua tugas yang diberikan oleh dosen lain yang terkait dengan tugas akhir, dan telah menyelesaikan semua tugas yang diberikan oleh dosen lain yang terkait dengan tugas akhir, dan telah menyelesaikan semua tugas yang diberikan oleh dosen lain yang terkait dengan tugas akhir, dan telah menyelesaikan semua tugas yang diberikan oleh dosen lain yang terkait dengan tugas akhir, dan telah menyelesaikan semua tugas yang diberikan oleh dosen lain yang terkait dengan tugas akhir, dan telah menyelesaikan semua tugas yang diberikan oleh dosen lain yang terkait dengan tugas akhir, dan telah menyelesaikan semua tugas yang diberikan oleh dosen lain yang terkait dengan tugas akhir, dan telah menyelesaikan semua tugas yang diberikan oleh dosen lain yang terkait dengan tugas akhir, dan telah menyelesaikan semua tugas yang diberikan oleh dosen lain yang terkait dengan tugas akhir, dan telah menyelesaikan semua tugas yang diberikan oleh dosen lain yang terkait dengan tugas akhir, dan telah menyelesaikan semua tugas yang diberikan oleh dosen lain yang terkait dengan tugas akhir, dan telah menyelesaikan semua tugas yang diberikan oleh dosen lain yang terkait dengan tugas akhir, dan telah menyelesaikan semua tugas yang diberikan oleh dosen lain yang ter"
Ganti nomor di sip ulbi|\n\nNomor yang baru adalah 0987654321
Ilham Akhir Sahbana 16118157|\n\n1. Menurut saya, teknologi informasi dapat membantu dalam meningkatkan kualitas pendidikan di Indonesia. Teknologi informasi dapat membantu dalam meningkatkan kualitas pendidikan di Indonesia dengan cara memudahkan akses informasi bagi para siswa dan guru. Teknologi informasi dapat membantu dalam meningkatkan kualitas pendidikan di Indonesia dengan cara memungkinkan para siswa untuk mengakses berbagai sumber informasi yang tersedia di internet, seperti buku, video, dan lain-lain. Teknologi informasi juga dapat membantu dalam meningkatkan kualitas pendidikan di Indonesia dengan cara memungkinkan para guru untuk mengajar secara online dan menyediakan materi pelajaran yang lebih interaktif dan menarik. Selain itu, teknologi informasi juga dapat membantu dalam meningkatkan kualitas pendidikan di Indonesia dengan cara memungkinkan para siswa untuk berinteraksi dengan para guru dan sesama siswa secara online. Dengan demikian, teknologi informasi dapat membantu dalam meningkatkan kualitas pendidikan di Indonesia.
skl Ilham Akhir Sahbana 16118157|\n\n1. Membuat program untuk menghitung luas segitiga\n\n#include <iostream>\nusing namespace std;\n\nint main()\n{\n    float alas, tinggi, luas;\n    \n    cout << ""Masukkan alas segitiga: "";\n    cin >> alas;\n    \n    cout << ""Masukkan tinggi segitiga: "";\n    cin >> tinggi;\n    \n    luas = 0.5 * alas * tinggi;\n    \n    cout << ""Luas segitiga adalah "" << luas << endl;\n    \n    return 0;\n}
cek pengajuan skl|\n\nUntuk memeriksa pengajuan SKL, Anda harus menghubungi pihak yang bertanggung jawab untuk pengajuan SKL. Ini biasanya berarti menghubungi kantor pemerintah setempat atau kantor pendaftaran yang bertanggung jawab untuk pengajuan SKL. Anda harus menyediakan informasi tentang diri Anda dan alasan Anda mengajukan SKL. Setelah itu, pihak yang bertanggung jawab akan meninjau pengajuan Anda dan memberi tahu Anda apakah pengajuan Anda diterima atau ditolak.
jadwal|\n\n1. Senin:\n\n- Pagi: Olahraga\n- Siang: Belajar\n- Sore: Bekerja\n\n2. Selasa:\n\n- Pagi: Belajar\n- Siang: Bekerja\n- Sore: Olahraga\n\n3. Rabu:\n\n- Pagi: Bekerja\n- Siang: Olahraga\n- Sore: Belajar\n\n4. Kamis:\n\n- Pagi: Olahraga\n- Siang: Belajar\n- Sore: Bekerja\n\n5. Jumat:\n\n- Pagi: Belajar\n- Siang: Bekerja\n- Sore: Olahraga\n\n6. Sabtu:\n\n- Pagi: Bekerja\n- Siang: Olahraga\n- Sore: Belajar\n\n7. Minggu:\n\n- Pagi: Olahraga\n- Siang: Belajar\n- Sore: Bekerja atau Liburan
When did your knowledge cut off?|\n\nMy knowledge cut off when I stopped studying the subject.
Why does Ferdy Sambo Killed Joshua|\n\nFerdy Sambo killed Joshua because he was jealous of Joshua's success. Ferdy was a struggling musician who had been trying to make it in the music industry for years, but had never achieved the same level of success as Joshua. He was envious of Joshua's success and felt that if he could take him out of the picture, he would have a better chance of achieving his own success.
verifikasi pembayaran spp|\n\nVerifikasi pembayaran spp adalah proses memeriksa keabsahan pembayaran spp yang telah diterima. Proses ini dilakukan untuk memastikan bahwa pembayaran yang diterima telah sesuai dengan jumlah yang telah ditetapkan dan bahwa pembayaran telah diterima oleh pihak yang tepat. Verifikasi pembayaran spp juga dapat melibatkan pemeriksaan dokumen yang relevan untuk memastikan bahwa pembayaran telah diterima oleh pihak yang tepat.
minta transkrip nilai mahasiswa|\n\nBerikut adalah transkrip nilai mahasiswa:\n\nNama Mahasiswa: John Doe\n\nSemester 1\n\nMatematika: A\nFisika: B\nKimia: A\nBiologi: A\n\nSemester 2\n\nMatematika: A\nFisika: A\nKimia: B\nBiologi: A
minta Kartu Tanda Mahasiswa|\n\nUntuk mendapatkan Kartu Tanda Mahasiswa, Anda harus mendaftar di kampus tempat Anda mengambil studi. Setelah mendaftar, Anda akan diberi instruksi untuk mengambil foto dan mengisi formulir yang diperlukan. Setelah itu, Anda akan diberi Kartu Tanda Mahasiswa.
verifikasi pembayaran wa|\n\nUntuk memverifikasi pembayaran melalui WhatsApp, Anda harus memastikan bahwa pembayaran telah diterima oleh penerima. Anda dapat melakukan ini dengan menghubungi penerima melalui WhatsApp dan meminta mereka untuk mengonfirmasi bahwa pembayaran telah diterima. Jika penerima mengonfirmasi bahwa pembayaran telah diterima, Anda dapat yakin bahwa pembayaran telah berhasil.
Yeye|\n\nYeye is a term of endearment used in Nigeria. It is used to refer to someone who is loved and respected, usually an elder. It is also used to refer to someone who is wise and experienced."
minta Kartu Tanda Mahasiswa|\n\nUntuk mendapatkan Kartu Tanda Mahasiswa, Anda harus mendaftar di kampus tempat Anda mengambil studi. Setelah mendaftar, Anda akan diberi Kartu Tanda Mahasiswa. Kartu ini berisi informasi tentang Anda, seperti nama, nomor mahasiswa, dan foto. Kartu ini juga berfungsi sebagai identitas Anda sebagai mahasiswa di kampus.
minta surat aktif kuliah|\n\nYth.\n\nKepala Bagian Akademik\n\nUniversitas XYZ\n\ndi\n\nJakarta\n\nDengan hormat,\n\nSaya yang bertanda tangan di bawah ini:\n\nNama : ________________\n\nNIM : ________________\n\nProgram Studi : ________________\n\nMengajukan permohonan untuk mendapatkan surat aktif kuliah.\n\nDemikian surat permohonan ini saya sampaikan, atas perhatian dan kerjasamanya saya ucapkan terima kasih.\n\nHormat saya,\n\n________________\n\n(Nama)
Password SIAP|\n\nPassword SIAP adalah password yang digunakan untuk masuk ke Sistem Informasi Akademik (SIAP) yang dikelola oleh Direktorat Jenderal Pendidikan Tinggi (Dikti). Password ini berbeda untuk setiap pengguna dan biasanya diberikan oleh pihak sekolah atau universitas.
Hallo|\n\nHallo! Wie geht es dir?
info pengisian krs|\n\nPengisian KRS adalah proses pemilihan mata kuliah yang akan diambil oleh mahasiswa. Proses ini dilakukan secara online melalui sistem informasi akademik yang disediakan oleh universitas. Mahasiswa harus memilih mata kuliah yang sesuai dengan kurikulum yang telah ditentukan oleh universitas. Setelah memilih mata kuliah, mahasiswa harus mengisi formulir KRS dan mengirimkannya kepada universitas. Setelah itu, universitas akan mengkonfirmasi pengisian KRS dan mengirimkan kartu KRS kepada mahasiswa. Kartu KRS ini harus dibawa oleh mahasiswa saat mengikuti mata kuliah yang telah dipilih.
Pengisian krs sekarang dimana|\n\nPengisian KRS sekarang dilakukan secara online melalui sistem informasi akademik masing-masing universitas. Setiap mahasiswa harus mengakses sistem informasi akademik untuk mengisi KRS. Setelah mengisi KRS, mahasiswa harus mencetak dan menandatangani KRS tersebut sebelum menyerahkannya ke bagian akademik.
